,Source,Virus,Protein,Start,End,Animal,Isotype,Immunization,Monoclonal Name,In vitro function,Vaccine function,Notes,Sequence,Length,Sequence_length,accessible_subsequence,accessible_subsequence_start,accessible_subsequence_end,accessible_subsequence_length,accessible_subsequence_is_4mer_or_longer,accessible_subsequence_contains_glycosite,accessible_subsequence_contains_polymorphism,distance_to_RBD,in_RBD,distance_to_RBD_padded,near_RBD,distance_to_FP,in_FP,distance_to_FP_padded,near_FP,distance_to_HR1,in_HR1,distance_to_HR1_padded,near_HR1,distance_to_HR2,in_HR2,distance_to_HR2_padded,near_HR2,distance_to_S1_S2_boundary,in_S1_S2_boundary,distance_to_S1_S2_boundary_padded,near_S1_S2_boundary,in_any_feature,near_any_feature,IgA,IgG,IgG_and_IgA
0,Poh 2020,SARS-CoV-2,S,553,570,Human,IgG,Infection,Polyclonal,,,,TESNKKFLPFQQFGRDIA,18,18,,0,0,0,False,False,False,12,False,0,True,218,False,203,False,342,False,327,False,593,False,578,False,115,False,100,False,False,True,False,True,False
1,Poh 2020,SARS-CoV-2,S,809,826,Human,IgG,Infection,Polyclonal,,,,PSKPSKRSFIEDLLFNKV,18,18,PSKP,809,812,4,True,False,False,268,False,218,False,3,False,0,True,86,False,71,False,337,False,322,False,123,False,108,False,False,True,False,True,False
2,Wang 2020,SARS-CoV-2,S,26,30,Human,IgG,Infection,Polyclonal,,,,PAYTN,5,5,,0,0,0,False,False,False,289,False,239,False,758,False,743,False,882,False,867,False,1133,False,1118,False,655,False,640,False,False,False,False,True,False
3,Wang 2020,SARS-CoV-2,S,186,190,Human,IgG,Infection,Polyclonal,,,,FKNLR,5,5,FK,186,187,2,False,False,False,129,False,79,False,598,False,583,False,722,False,707,False,973,False,958,False,495,False,480,False,False,False,False,True,False
4,Wang 2020,SARS-CoV-2,S,356,360,Human,IgG,Infection,Polyclonal,,,,KRISN,5,5,,0,0,0,False,False,False,0,True,0,True,428,False,413,False,552,False,537,False,803,False,788,False,325,False,310,False,True,True,False,True,False
5,Wang 2020,SARS-CoV-2,S,456,460,Human,IgG,Infection,Polyclonal,,,,FRKSN,5,5,FRKSN,456,460,5,True,False,False,0,True,0,True,328,False,313,False,452,False,437,False,703,False,688,False,225,False,210,False,True,True,False,True,False
6,Wang 2020,SARS-CoV-2,S,806,820,Human,"IgG,IgM",Infection,Polyclonal,,,IgM epitpe is 816-SFIED-820 ,LPDPSKPSKRSFIED,15,15,PSKP,809,812,4,True,False,False,265,False,215,False,0,True,0,True,92,False,77,False,343,False,328,False,120,False,105,False,True,True,False,True,False
7,Wang 2020,SARS-CoV-2,S,1196,1200,Human,IgG,Infection,Polyclonal,,,,SLIDL,5,5,,0,0,0,False,False,False,655,False,605,False,390,False,375,False,212,False,197,False,0,True,0,True,510,False,495,False,True,True,False,True,False
8,Wang 2020,SARS-CoV-2,S,886,890,Human,IgM,Infection,Polyclonal,,,,WTFGA,5,5,,0,0,0,False,False,False,345,False,295,False,80,False,65,False,22,False,7,False,273,False,258,False,200,False,185,False,False,False,False,False,False
9,Wang 2020,SARS-CoV-2,S,1046,1050,Human,IgM,Infection,Polyclonal,,,,GYHLM,5,5,,0,0,0,False,False,False,505,False,455,False,240,False,225,False,62,False,47,False,113,False,98,False,360,False,345,False,False,False,False,False,False
10,Charite 2020,SARS-CoV-2,S,459,473,Human,"3/9 IgG, 2/9 IgA",Infection,Polyclonal,,,,SNLKPFERDISTEIY,15,15,SNLKPFERDISTEIY,459,473,15,True,False,False,0,True,0,True,315,False,300,False,439,False,424,False,690,False,675,False,212,False,197,False,True,True,True,True,True
11,Charite 2020,SARS-CoV-2,S,503,517,Human,1/9 IgG,Infection,Polyclonal,,,,VGYQPYRVVVLSFEL,15,15,V,503,503,1,False,False,False,0,True,0,True,271,False,256,False,395,False,380,False,646,False,631,False,168,False,153,False,True,True,False,True,False
12,Charite 2020,SARS-CoV-2,S,505,519,Human,"2/9 IgG, 2/9 IgA",Infection,Polyclonal,,,,YQPYRVVVLSFELLH,15,15,,0,0,0,False,False,False,0,True,0,True,269,False,254,False,393,False,378,False,644,False,629,False,166,False,151,False,True,True,True,True,True
13,Charite 2020,SARS-CoV-2,S,569,583,Human,"3/9 IgG, 1/9 IgA",Infection,Polyclonal,,,,IADTTDAVRDPQTLE,15,15,QTLE,580,583,4,True,False,False,28,False,0,True,205,False,190,False,329,False,314,False,580,False,565,False,102,False,87,False,False,True,True,True,True
14,Charite 2020,SARS-CoV-2,S,571,585,Human,"1/9 IgG, 2/9 IgA",Infection,Polyclonal,,,,DTTDAVRDPQTLEIL,15,15,QTLE,580,583,4,True,False,False,30,False,0,True,203,False,188,False,327,False,312,False,578,False,563,False,100,False,85,False,False,True,True,True,True
15,Charite 2020,SARS-CoV-2,S,573,587,Human,"3/9 IgG, 1/9 IgA",Infection,Polyclonal,,,,TDAVRDPQTLEILDI,15,15,QTLE,580,583,4,True,False,False,32,False,0,True,201,False,186,False,325,False,310,False,576,False,561,False,98,False,83,False,False,True,True,True,True
16,Charite 2020,SARS-CoV-2,S,767,781,Human,"3/9 IgG, 2/9 IgA",Infection,Polyclonal,,,,LTGIAVEQDKNTQEV,15,15,,0,0,0,False,False,False,226,False,176,False,7,False,0,True,131,False,116,False,382,False,367,False,81,False,66,False,False,True,True,True,True
17,Charite 2020,SARS-CoV-2,S,805,819,Human,2/9 IgG,Infection,Polyclonal,,,,ILPDPSKPSKRSFIE,15,15,PSKP,809,812,4,True,False,False,264,False,214,False,0,True,0,True,93,False,78,False,344,False,329,False,119,False,104,False,True,True,False,True,False
18,Charite 2020,SARS-CoV-2,S,807,821,Human,"2/9 IgG, 1/9 IgA",Infection,Polyclonal,,,,PDPSKPSKRSFIEDL,15,15,PSKP,809,812,4,True,False,False,266,False,216,False,1,False,0,True,91,False,76,False,342,False,327,False,121,False,106,False,False,True,True,True,True
19,Charite 2020,SARS-CoV-2,S,1193,1207,Human,"3/9 IgG, 2/9 IgA",Infection,Polyclonal,,,,LNESLIDLQELGKYE,15,15,,0,0,0,False,False,False,652,False,602,False,387,False,372,False,209,False,194,False,0,True,0,True,507,False,492,False,True,True,True,True,True
20,Charite 2020,SARS-CoV-2,S,1195,1209,Human,"2/9 IgG, 3/9 IgA",Infection,Polyclonal,,,,ESLIDLQELGKYEQY,15,15,,0,0,0,False,False,False,654,False,604,False,389,False,374,False,211,False,196,False,0,True,0,True,509,False,494,False,True,True,True,True,True
21,Charite 2020,SARS-CoV-2,S,127,141,Human,"2/9 IgG, 2/9 IgA",Infection,Polyclonal,,,,VIKVCEFQFCNDPFL,15,15,,0,0,0,False,False,False,178,False,128,False,647,False,632,False,771,False,756,False,1022,False,1007,False,544,False,529,False,False,False,True,True,True
22,Charite 2020,SARS-CoV-2,S,131,145,Human,"1/9 IgG, 3/9 IgA",Infection,Polyclonal,,,,CEFQFCNDPFLGVYY,15,15,YY,144,145,2,False,False,False,174,False,124,False,643,False,628,False,767,False,752,False,1018,False,1003,False,540,False,525,False,False,False,True,True,True
23,Charite 2020,SARS-CoV-2,S,343,357,Human,2/9 IgA,Infection,Polyclonal,,,,NATRFASVYAWNRKR,15,15,,0,0,0,False,False,False,0,True,0,True,431,False,416,False,555,False,540,False,806,False,791,False,328,False,313,False,True,True,True,False,False
24,Charite 2020,SARS-CoV-2,S,619,633,Human,1/9 IgA,Infection,Polyclonal,,,,EVPVAIHADQLTPTW,15,15,VAIHADQLTPTW,622,633,12,True,False,False,78,False,28,False,155,False,140,False,279,False,264,False,530,False,515,False,52,False,37,False,False,False,True,False,False
25,Charite 2020,SARS-CoV-2,S,649,663,Human,1/9 IgA,Infection,Polyclonal,,,,CLIGAEHVNNSYECD,15,15,EHVNNSYE,654,661,8,True,True,False,108,False,58,False,125,False,110,False,249,False,234,False,500,False,485,False,22,False,7,False,False,False,True,False,False
26,Charite 2020,SARS-CoV-2,S,763,777,Human,"2/9 IgG, 3/9 IgA",Infection,Polyclonal,,,,LNRALTGIAVEQDKN,15,15,,0,0,0,False,False,False,222,False,172,False,11,False,0,True,135,False,120,False,386,False,371,False,77,False,62,False,False,True,True,True,True
27,Charite 2020,SARS-CoV-2,S,1089,1103,Human,1/9 IgA,Infection,Polyclonal,,,,FPREGVFVSNGTHWF,15,15,GTH,1099,1101,3,False,False,False,548,False,498,False,283,False,268,False,105,False,90,False,60,False,45,False,403,False,388,False,False,False,True,False,False
28,Charite 2020,SARS-CoV-2,S,1141,1155,Human,"2/9 IgG, 2/9 IgA",Infection,Polyclonal,,,,LQPELDSFKEELDKY,15,15,,0,0,0,False,False,False,600,False,550,False,335,False,320,False,157,False,142,False,8,False,0,True,455,False,440,False,False,True,True,True,True
29,Charite 2020,SARS-CoV-2,S,1181,1195,Human,"1/9 IgG,1/9 IgA",Infection,Polyclonal,,,,KEIDRLNEVAKNLNE,15,15,,0,0,0,False,False,False,640,False,590,False,375,False,360,False,197,False,182,False,0,True,0,True,495,False,480,False,True,True,True,True,True
30,Dahlke 2020,SARS-CoV-2,S,45,59,Human,"IgA, IgM",Infection,Polyclonal,,,,SSVLHSTQDLFLPFF,15,15,,0,0,0,False,False,False,260,False,210,False,729,False,714,False,853,False,838,False,1104,False,1089,False,626,False,611,False,False,False,True,False,False
31,Dahlke 2020,SARS-CoV-2,S,63,91,Human,IgA,Infection,Polyclonal,,,,TWFHAIHVSGTNGTKRFDNPVLPFNDGVY,29,29,IHVSGTNGTKR,68,78,11,True,True,True,228,False,178,False,697,False,682,False,821,False,806,False,1072,False,1057,False,594,False,579,False,False,False,True,False,False
32,Dahlke 2020,SARS-CoV-2,S,125,181,Human,IgA,Infection,Polyclonal,,,,NVVIKVCEFQFCNDPFLGVYYHKNNKSWMESEFRVYSSANNCTFEYVSQPFLMDLEG,57,57,YYHKNNKSWME,144,154,11,True,True,True,138,False,88,False,607,False,592,False,731,False,716,False,982,False,967,False,504,False,489,False,False,False,True,False,False
33,Dahlke 2020,SARS-CoV-2,S,215,229,Human,IgA,Infection,Polyclonal,,,,DLPQGFSALEPLVDL,15,15,D,215,215,1,False,False,False,90,False,40,False,559,False,544,False,683,False,668,False,934,False,919,False,456,False,441,False,False,False,True,False,False
34,Dahlke 2020,SARS-CoV-2,S,241,265,Human,"IgA, IgM",Infection,Polyclonal,,,,LLALHRSYLTPGDSSSGWTAGAAAY,25,25,HRSYLTPGDSSSGWTAG,245,261,17,True,False,True,54,False,4,False,523,False,508,False,647,False,632,False,898,False,883,False,420,False,405,False,False,False,True,False,False
35,Dahlke 2020,SARS-CoV-2,S,271,295,Human,IgA,Infection,Polyclonal,,,,QPRTFLLKYNENGTITDAVDCALDP,25,25,,0,0,0,False,False,False,24,False,0,True,493,False,478,False,617,False,602,False,868,False,853,False,390,False,375,False,False,True,True,False,False
36,Dahlke 2020,SARS-CoV-2,S,343,357,Human,IgA,Infection,Polyclonal,,,,NATRFASVYAWNRKR,15,15,,0,0,0,False,False,False,0,True,0,True,431,False,416,False,555,False,540,False,806,False,791,False,328,False,313,False,True,True,True,False,False
37,Dahlke 2020,SARS-CoV-2,S,415,429,Human,IgA,Infection,Polyclonal,,,,TGKIADYNYKLPDDF,15,15,,0,0,0,False,False,False,0,True,0,True,359,False,344,False,483,False,468,False,734,False,719,False,256,False,241,False,True,True,True,False,False
38,Dahlke 2020,SARS-CoV-2,S,449,463,Human,IgA,Infection,Polyclonal,,,,YNYLYRLFRKSNLKP,15,15,FRKSNLKP,456,463,8,True,False,False,0,True,0,True,325,False,310,False,449,False,434,False,700,False,685,False,222,False,207,False,True,True,True,False,False
39,Dahlke 2020,SARS-CoV-2,S,565,587,Human,IgA,Infection,Polyclonal,,,,FGRDIADTTDAVRDPQTLEILDI,23,23,QTLE,580,583,4,True,False,False,24,False,0,True,201,False,186,False,325,False,310,False,576,False,561,False,98,False,83,False,False,True,True,False,False
40,Dahlke 2020,SARS-CoV-2,S,605,619,Human,IgA,Infection,Polyclonal,,,,SNQVAVLYQDVNCTE,15,15,,0,0,0,False,False,False,64,False,14,False,169,False,154,False,293,False,278,False,544,False,529,False,66,False,51,False,False,False,True,False,False
41,Dahlke 2020,SARS-CoV-2,S,647,665,Human,IgA,Infection,Polyclonal,,,,AGCLIGAEHVNNSYECDIP,19,19,EHVNNSYE,654,661,8,True,True,False,106,False,56,False,123,False,108,False,247,False,232,False,498,False,483,False,20,False,5,False,False,False,True,False,False
42,Dahlke 2020,SARS-CoV-2,S,721,735,Human,IgA,Infection,Polyclonal,,,,SVTTEILPVSMTKTS,15,15,,0,0,0,False,False,False,180,False,130,False,53,False,38,False,177,False,162,False,428,False,413,False,35,False,20,False,False,False,True,False,False
43,Dahlke 2020,SARS-CoV-2,S,809,827,Human,IgA,Infection,Polyclonal,,,,PSKPSKRSFIEDLLFNKVT,19,19,PSKP,809,812,4,True,False,False,268,False,218,False,3,False,0,True,85,False,70,False,336,False,321,False,123,False,108,False,False,True,True,False,False
44,Dahlke 2020,SARS-CoV-2,S,835,851,Human,IgA,Infection,Polyclonal,,,,KQYGDCLGDIAARDLIC,17,17,KQYGDCLGD,835,843,9,True,False,True,294,False,244,False,29,False,14,False,61,False,46,False,312,False,297,False,149,False,134,False,False,False,True,False,False
45,Dahlke 2020,SARS-CoV-2,S,1087,1111,Human,IgA,Infection,Polyclonal,,,,AHFPREGVFVSNGTHWFVTQRNFYE,25,25,GTH,1099,1101,3,False,False,False,546,False,496,False,281,False,266,False,103,False,88,False,52,False,37,False,401,False,386,False,False,False,True,False,False
46,Dahlke 2020,SARS-CoV-2,S,1131,1145,Human,IgA,Infection,Polyclonal,,,,GIVNNTVYDPLQPEL,15,15,,0,0,0,False,False,False,590,False,540,False,325,False,310,False,147,False,132,False,18,False,3,False,445,False,430,False,False,False,True,False,False
47,Dahlke 2020,SARS-CoV-2,S,1193,1215,Human,IgA,Infection,Polyclonal,,,,LNESLIDLQELGKYEQYIKWPWY,23,23,,0,0,0,False,False,False,652,False,602,False,387,False,372,False,209,False,194,False,0,True,0,True,507,False,492,False,True,True,True,False,False
48,Dahlke 2020,SARS-CoV-2,S,369,383,Human,IgG,Infection,Polyclonal,,,,YNSASFSTFKCYGVS,15,15,,0,0,0,False,False,False,0,True,0,True,405,False,390,False,529,False,514,False,780,False,765,False,302,False,287,False,True,True,False,True,False
49,Dahlke 2020,SARS-CoV-2,S,637,651,Human,IgG,Infection,Polyclonal,,,,STGSNVFQTRAGCLI,15,15,STGSNVFQ,637,644,8,True,False,False,96,False,46,False,137,False,122,False,261,False,246,False,512,False,497,False,34,False,19,False,False,False,False,True,False
50,Dahlke 2020,SARS-CoV-2,S,725,739,Human,IgG,Infection,Polyclonal,,,,EILPVSMTKTSVDCT,15,15,,0,0,0,False,False,False,184,False,134,False,49,False,34,False,173,False,158,False,424,False,409,False,39,False,24,False,False,False,False,True,False
51,Dahlke 2020,SARS-CoV-2,S,811,831,Human,IgG,Infection,Polyclonal,,,,KPSKRSFIEDLLFNKVTLADA,21,21,KP,811,812,2,False,False,False,270,False,220,False,5,False,0,True,81,False,66,False,332,False,317,False,125,False,110,False,False,True,False,True,False
52,Dahlke 2020,SARS-CoV-2,S,927,955,Human,IgG,Infection,Polyclonal,,,,FNSAIGKIQDSLSSTASALGKLQDVVNQN,29,29,,0,0,0,False,False,False,386,False,336,False,121,False,106,False,0,True,0,True,208,False,193,False,241,False,226,False,True,True,False,True,False
53,Dahlke 2020,SARS-CoV-2,S,1201,1217,Human,IgG,Infection,Polyclonal,,,,QELGKYEQYIKWPWYIW,17,17,,0,0,0,False,False,False,660,False,610,False,395,False,380,False,217,False,202,False,0,True,0,True,515,False,500,False,True,True,False,True,False
54,ReScan,SARS-CoV-2,S,1141,1178,Human,IgG,Infection ,Polyclonal,,,,LQPELDSFKEELDKYFKNHTSPDVDLGDISGINASVVN,38,38,,0,0,0,False,False,False,600,False,550,False,335,False,320,False,157,False,142,False,0,True,0,True,455,False,440,False,True,True,False,True,False
55,ReScan,SARS-CoV-2,S,818,855,Human,IgG,Infection ,Polyclonal,,,,IEDLLFNKVTLADAGFIKQYGDCLGDIAARDLICAQKF,38,38,FIKQYGDCLGD,833,843,11,True,False,True,277,False,227,False,12,False,0,True,57,False,42,False,308,False,293,False,132,False,117,False,False,True,False,True,False
56,ReScan,SARS-CoV-2,S,799,836,Human,IgG,Infection ,Polyclonal,,,,GFNFSQILPDPSKPSKRSFIEDLLFNKVTLADAGFIKQ,38,38,PSKP,809,812,4,True,False,False,258,False,208,False,0,True,0,True,76,False,61,False,327,False,312,False,113,False,98,False,True,True,False,True,False
57,ReScan,SARS-CoV-2,S,552,589,Human,IgG,Infection ,Polyclonal,,,,LTESNKKFLPFQQFGRDIADTTDAVRDPQTLEILDITP,38,38,QTLE,580,583,4,True,False,False,11,False,0,True,199,False,184,False,323,False,308,False,574,False,559,False,96,False,81,False,False,True,False,True,False
