Sequence,Protein,Start,End,B-cell Epitope,HLA-I alleles,HLA-II alleles,HLA-I coverage,HLA-II coverage,Class I H2-b,Class II H2-b,Class I H2-d,Class II H2-d,sources,num_sources
LLQFAYANRNRFLYIIKLIFL,M,34,54,,B*08:01 C*07:02 B*35:01 C*03:04 C*06:02 C*07:01 A*02:01 A*24:02 A*01:01,DRB1*13:01 DRB1*03:01 DRB1*11:01,0.89,0.36,+,+,+,+,selected-tcell-cd4-cd8-h2d-21mer.csv;selected-tcell-cd4-cd8-h2b-21mer.csv;selected-tcell-cd4-cd8-21mer.csv;selected-tcell-cd4-h2b-h2d-21mer.csv;selected-tcell-cd4-h2d-21mer.csv;selected-tcell-cd4-21mer.csv;selected-tcell-cd8-h2b-h2d-21mer.csv;selected-tcell-cd8-h2b-21mer.csv;selected-tcell-cd8-h2d-21mer.csv;selected-tcell-cd8-21mer.csv,10
FVLAAVYRINWITGGIAIAMA,M,65,85,,A*02:01,DRB1*01:01 DRB1*07:01 DRB1*13:01 DRB1*15:01 DQA1*05:05/DQB1*03:01 DQA1*01:02/DQB1*06:02 DQA1*03:03/DQB1*03:01,0.42,0.76,+,+,-,+,selected-tcell-cd4-h2b-21mer.csv,1
LSYFIASFRLFARTRSMWSFN,M,93,113,,C*06:02 C*07:02 B*07:02 B*08:01 C*03:04 C*07:01 A*24:02,DRB1*07:01 DRB1*11:01 DRB1*13:01 DRB1*04:01,0.78,0.46,+,+,+,+,selected-tcell-cd4-cd8-h2b-h2d-21mer.csv,1
GTRNPANNAAIVLQLPQGTTL,N,147,167,,B*07:02,DQA1*01:02/DQB1*06:02 DRB1*01:01 DRB1*13:01 DQA1*05:05/DQB1*03:01,0.2,0.55,-,+,-,+,selected-tcell-cd4-cd8-21mer.csv;selected-tcell-cd4-h2b-h2d-21mer.csv,2
IAQFAPSASAFFGMSRIGMEV,N,304,324,,A*11:01 A*02:01 A*24:02 C*03:04,DRB1*11:01 DRB1*07:01 DQA1*05:05/DQB1*03:01 DRB1*13:01,0.63,0.51,+,+,+,+,selected-tcell-cd4-cd8-h2b-h2d-21mer.csv;selected-tcell-cd4-cd8-h2d-21mer.csv,2
SASAFFGMSRIGMEVTPSGTW,N,310,330,,A*11:01 B*44:02 B*44:03 A*02:01 C*03:04,DRB1*11:01 DRB1*13:01 DQA1*05:05/DQB1*03:01,0.65,0.37,+,-,+,-,selected-tcell-cd8-h2b-h2d-21mer.csv;selected-tcell-cd8-h2b-21mer.csv;selected-tcell-cd8-h2d-21mer.csv,3
KQQTVTLLPAADLDDFSKQLQ,N,388,408,,B*35:01,DQA1*01:02/DQB1*06:02 DRB1*01:01 DQA1*05:01/DQB1*02:01,0.11,0.52,-,-,-,+,selected-tcell-cd4-h2d-21mer.csv;selected-tcell-cd4-21mer.csv,2
TQAMGYINVFAFPFTIYSLLL,N,417,437,,A*24:02 B*35:01 C*03:04 B*07:02 B*08:01 A*02:01 A*11:01,,0.78,0.0,+,-,+,-,selected-tcell-cd8-21mer.csv,1
SDFVRATATIPIQASLPFGWL,ORF3a,-324,-304,,C*03:04 B*07:02 B*35:01,DQA1*01:02/DQB1*06:02 DQA1*01:03/DQB1*06:03 DQA1*05:05/DQB1*03:01 DRB1*01:01 DRB1*04:01 DRB1*07:01 DRB1*13:01 DRB1*15:01,0.39,0.78,+,+,-,+,selected-tcell-cd4-cd8-h2b-21mer.csv;selected-tcell-cd4-cd8-21mer.csv;selected-tcell-cd4-h2b-h2d-21mer.csv;selected-tcell-cd4-h2d-21mer.csv;selected-tcell-cd4-h2b-21mer.csv;selected-tcell-cd4-21mer.csv,6
GAAAYYVGYLQPRTFLLKYNE,S,261,281,,C*03:04 C*07:02 A*24:02 B*08:01 A*02:01 C*05:01 C*07:01 A*03:01 A*11:01,DRB1*07:01 DRB1*15:01,0.88,0.38,+,+,+,-,selected-tcell-cd8-h2b-h2d-21mer.csv;selected-tcell-cd8-h2b-21mer.csv;selected-tcell-cd8-h2d-21mer.csv,3
LTDEMIAQYTSALLAGTITSG,S,865,885,,C*03:04 A*01:01 B*35:01,DQA1*01:02/DQB1*06:02 DQA1*03:03/DQB1*03:01 DQA1*05:05/DQB1*03:01 DRB1*01:01 DRB1*07:01 DRB1*15:01,0.42,0.73,+,+,+,+,selected-tcell-cd4-cd8-h2b-h2d-21mer.csv,1
LSSNFGAISSVLNDILSRLDK,S,966,986,,A*11:01 A*02:01 A*03:01,DRB1*01:01 DQA1*05:05/DQB1*03:01 DRB1*04:01 DRB1*07:01 DRB1*03:01,0.59,0.62,+,+,-,+,selected-tcell-cd4-cd8-h2b-21mer.csv,1
VTQQLIRAAEIRASANLAATK,S,1008,1028,,A*11:01 B*44:02 B*44:03,DRB1*01:01 DQA1*01:02/DQB1*06:02 DQA1*03:03/DQB1*03:01 DQA1*05:05/DQB1*03:01 DRB1*04:01 DRB1*07:01 DRB1*11:01 DRB1*13:01 DRB1*15:01,0.3,0.81,-,+,-,+,selected-tcell-cd4-h2b-h2d-21mer.csv;selected-tcell-cd4-h2d-21mer.csv;selected-tcell-cd4-h2b-21mer.csv;selected-tcell-cd4-21mer.csv,4
TMDLFMRIFTIGTVTLKQGEI,S,1273,1293,,B*08:01 C*03:04 A*03:01 A*11:01 A*02:01 C*06:02 C*07:01,DRB1*01:01 DRB1*04:01 DRB1*07:01 DRB1*13:01 DRB1*15:01,0.82,0.58,-,-,+,+,selected-tcell-cd4-cd8-h2d-21mer.csv;selected-tcell-cd4-cd8-21mer.csv,2
LATNNLVVMAYITGGVVQLTS,orf1ab,590,610,,A*01:01 A*03:01 A*11:01 B*35:01 C*03:04 A*02:01,DQA1*01:02/DQB1*06:02 DQA1*03:03/DQB1*03:01 DQA1*05:05/DQB1*03:01 DRB1*01:01 DRB1*07:01 DRB1*13:01 DRB1*15:01,0.76,0.76,+,+,-,+,selected-tcell-cd4-cd8-h2b-21mer.csv,1
VPMEKLKTLVATAEAELAKNV,orf1ab,2604,2624,,B*44:02 B*44:03 A*11:01 C*03:04 B*07:02 B*08:01,DQA1*01:02/DQB1*06:02 DQA1*05:01/DQB1*02:01 DQA1*05:05/DQB1*03:01 DQA1*03:03/DQB1*03:01 DRB1*01:01 DRB1*13:01,0.6,0.7,-,+,-,+,selected-tcell-cd4-cd8-21mer.csv,1
ASEFSSLPSYAAFATAQEAYE,orf1ab,3945,3965,,A*01:01 B*44:02 B*44:03 C*03:04,DRB1*01:01 DRB1*04:01 DRB1*07:01 DRB1*11:01 DRB1*15:01 DQA1*01:02/DQB1*06:02 DQA1*05:05/DQB1*03:01 DQA1*03:03/DQB1*03:01 DQA1*05:01/DQB1*02:01,0.48,0.84,+,+,+,+,selected-tcell-cd4-cd8-h2d-21mer.csv;selected-tcell-cd4-h2b-h2d-21mer.csv;selected-tcell-cd4-h2b-21mer.csv,3
TLMIERFVSLAIDAYPLTKHP,orf1ab,5245,5265,,A*03:01 A*11:01 A*02:01 B*08:01 C*03:04 C*07:02 B*35:01,DQA1*05:01/DQB1*02:01 DRB1*03:01 DRB1*04:01 DRB1*15:01 DRB1*07:01 DRB1*13:01,0.81,0.71,+,+,+,+,selected-tcell-cd4-cd8-h2b-h2d-21mer.csv;selected-tcell-cd4-cd8-h2b-21mer.csv,2
NYNYLYRLFRKSNLKPFERDI,S,448,468,FRKSNLKPFERDISTEIY,C*07:02 A*11:01 A*24:02 B*08:01 A*03:01 C*06:02 C*07:01,DRB1*13:01 DRB1*11:01 DRB1*07:01,0.77,0.38,+,-,+,-,selected-bcell-cd4-cd8-21mer.csv;selected-bcell-cd4-21mer.csv;selected-bcell-cd8-h2b-h2d-21mer.csv;selected-bcell-cd8-h2d-21mer.csv,4
