peptide,length,vaccine_peptide_length,vaccine_peptides,human_class1,human_class2,h2b_class1,h2b_class2,h2d_class1,h2d_class2,any_human,any_h2b,any_h2d,any_murine
LLFNKVTL,8,21,PSKPSKRSFIEDLLFNKVTLA,True,False,True,False,False,False,True,True,False,True
MIERFVSL,8,21,TLMIERFVSLAIDAYPLTKHP,True,False,True,False,False,False,True,True,False,True
RLFRKSNL,8,21,NYNYLYRLFRKSNLKPFERDI;YRLFRKSNLKPFERDISTEIY,True,False,True,False,False,False,True,True,False,True
YANRNRFL,8,21,LLQFAYANRNRFLYIIKLIFL,True,False,True,False,False,False,True,True,False,True
ANRNRFLYI,9,21,LLQFAYANRNRFLYIIKLIFL,True,False,True,False,True,False,True,True,True,True
ATIPIQASL,9,21,SDFVRATATIPIQASLPFGWL,True,False,True,False,False,False,True,True,False,True
FAYANRNRF,9,21,LLQFAYANRNRFLYIIKLIFL,True,False,True,False,True,False,True,True,True,True
LMIERFVSL,9,21,TLMIERFVSLAIDAYPLTKHP,True,False,True,False,True,False,True,True,True,True
LYLQYIRKL,9,21,PNQEYADVFHLYLQYIRKLHD,True,False,True,False,True,False,True,True,True,True
NRFLYIIKL,9,21,LLQFAYANRNRFLYIIKLIFL,True,False,True,False,False,False,True,True,False,True
RAMPNMLRI,9,21,RAMPNMLRIMASLVLARKHTT,True,False,True,False,True,False,True,True,True,True
RLFARTRSM,9,21,LSYFIASFRLFARTRSMWSFN,True,False,True,False,False,False,True,True,False,True
SSLPSYAAF,9,21,ASEFSSLPSYAAFATAQEAYE,True,False,True,False,True,False,True,True,True,True
SYFIASFRL,9,21,LSYFIASFRLFARTRSMWSFN,True,False,True,False,True,False,True,True,True,True
VFHLYLQYI,9,21,PNQEYADVFHLYLQYIRKLHD,True,False,True,False,True,False,True,True,True,True
VLNDILSRL,9,21,LSSNFGAISSVLNDILSRLDK,True,False,True,False,False,False,True,True,False,True
YADVFHLYL,9,21,PNQEYADVFHLYLQYIRKLHD,True,False,True,False,True,False,True,True,True,True
YANRNRFLY,9,21,LLQFAYANRNRFLYIIKLIFL,True,False,True,False,False,False,True,True,False,True
YGIATVREV,9,21,ATEETFKLSYGIATVREVLSD,True,False,True,False,True,False,True,True,True,True
FAYANRNRFL,10,21,LLQFAYANRNRFLYIIKLIFL,True,False,True,False,True,False,True,True,True,True
RAMPNMLRIM,10,21,RAMPNMLRIMASLVLARKHTT,True,False,True,False,True,False,True,True,True,True
SYFIASFRLF,10,21,LSYFIASFRLFARTRSMWSFN,True,False,True,False,True,False,True,True,True,True
TLMIERFVSL,10,21,TLMIERFVSLAIDAYPLTKHP,True,False,True,False,False,False,True,True,False,True
YANRNRFLYI,10,21,LLQFAYANRNRFLYIIKLIFL,True,False,True,False,True,False,True,True,True,True
ASEFSSLPSYAAFAT,15,21,ASEFSSLPSYAAFATAQEAYE,False,True,False,True,False,True,True,True,True,True
ASFRLFARTRSMWSF,15,21,LSYFIASFRLFARTRSMWSFN,False,True,False,True,False,True,True,True,True,True
ATEETFKLSYGIATV,15,21,ATEETFKLSYGIATVREVLSD,False,True,False,True,False,False,True,True,False,True
DFVRATATIPIQASL,15,21,SDFVRATATIPIQASLPFGWL,False,True,False,True,False,True,True,True,True,True
EETFKLSYGIATVRE,15,21,ATEETFKLSYGIATVREVLSD,False,True,False,True,False,True,True,True,True,True
EFSSLPSYAAFATAQ,15,21,ASEFSSLPSYAAFATAQEAYE,False,True,False,True,False,True,True,True,True,True
ELLVYAADPAMHAAS,15,21,SRLSFKELLVYAADPAMHAAS,False,True,False,True,False,True,True,True,True,True
ERFVSLAIDAYPLTK,15,21,TLMIERFVSLAIDAYPLTKHP,False,True,False,True,False,True,True,True,True,True
ETFKLSYGIATVREV,15,21,ATEETFKLSYGIATVREVLSD,False,True,False,True,False,True,True,True,True,True
FKELLVYAADPAMHA,15,21,SRLSFKELLVYAADPAMHAAS,False,True,False,True,False,True,True,True,True,True
FKLSYGIATVREVLS,15,21,ATEETFKLSYGIATVREVLSD,False,True,False,True,False,True,True,True,True,True
FSSLPSYAAFATAQE,15,21,ASEFSSLPSYAAFATAQEAYE,False,True,False,True,False,True,True,True,True,True
FVRATATIPIQASLP,15,21,SDFVRATATIPIQASLPFGWL,False,True,False,True,False,True,True,True,True,True
GFNFSQILPDPSKPS,15,21,GFNFSQILPDPSKPSKRSFIE,False,True,False,True,False,False,True,True,False,True
IASFRLFARTRSMWS,15,21,LSYFIASFRLFARTRSMWSFN,False,True,False,True,False,True,True,True,True,True
IERFVSLAIDAYPLT,15,21,TLMIERFVSLAIDAYPLTKHP,False,True,False,True,False,True,True,True,True,True
IRAAEIRASANLAAT,15,21,VTQQLIRAAEIRASANLAATK,False,True,False,True,False,True,True,True,True,True
ISTEIYQAGSTPCNG,15,21,KPFERDISTEIYQAGSTPCNG,False,True,False,True,False,False,True,True,False,True
KELLVYAADPAMHAA,15,21,SRLSFKELLVYAADPAMHAAS,False,True,False,True,False,True,True,True,True,True
KLSYGIATVREVLSD,15,21,ATEETFKLSYGIATVREVLSD,False,True,False,True,False,True,True,True,True,True
LIRAAEIRASANLAA,15,21,VTQQLIRAAEIRASANLAATK,False,True,False,True,False,True,True,True,True,True
LLQFAYANRNRFLYI,15,21,LLQFAYANRNRFLYIIKLIFL,False,True,False,True,False,True,True,True,True,True
LPSYAAFATAQEAYE,15,21,ASEFSSLPSYAAFATAQEAYE,False,True,False,True,False,True,True,True,True,True
LSFKELLVYAADPAM,15,21,SRLSFKELLVYAADPAMHAAS,False,True,False,True,False,True,True,True,True,True
LSSNFGAISSVLNDI,15,21,LSSNFGAISSVLNDILSRLDK,False,True,False,True,False,True,True,True,True,True
MIERFVSLAIDAYPL,15,21,TLMIERFVSLAIDAYPLTKHP,False,True,False,True,False,True,True,True,True,True
NVLEGSVAYESLRPD,15,21,TNVLEGSVAYESLRPDTRYVL,False,True,False,True,False,False,True,True,False,True
QLIRAAEIRASANLA,15,21,VTQQLIRAAEIRASANLAATK,False,True,False,True,False,True,True,True,True,True
QQLIRAAEIRASANL,15,21,VTQQLIRAAEIRASANLAATK,False,True,False,True,False,True,True,True,True,True
RAAEIRASANLAATK,15,21,VTQQLIRAAEIRASANLAATK,False,True,False,True,False,True,True,True,True,True
RATATIPIQASLPFG,15,21,SDFVRATATIPIQASLPFGWL,False,True,False,True,False,True,True,True,True,True
SDFVRATATIPIQAS,15,21,SDFVRATATIPIQASLPFGWL,False,True,False,True,False,True,True,True,True,True
SEFSSLPSYAAFATA,15,21,ASEFSSLPSYAAFATAQEAYE,False,True,False,True,False,True,True,True,True,True
SFKELLVYAADPAMH,15,21,SRLSFKELLVYAADPAMHAAS,False,True,False,True,False,True,True,True,True,True
SFRLFARTRSMWSFN,15,21,LSYFIASFRLFARTRSMWSFN,False,True,False,True,False,True,True,True,True,True
SLPSYAAFATAQEAY,15,21,ASEFSSLPSYAAFATAQEAYE,False,True,False,True,False,True,True,True,True,True
SNFGAISSVLNDILS,15,21,LSSNFGAISSVLNDILSRLDK,False,True,False,True,False,False,True,True,False,True
SSLPSYAAFATAQEA,15,21,ASEFSSLPSYAAFATAQEAYE,False,True,False,True,False,True,True,True,True,True
SSNFGAISSVLNDIL,15,21,LSSNFGAISSVLNDILSRLDK,False,True,False,True,False,False,True,True,False,True
TEETFKLSYGIATVR,15,21,ATEETFKLSYGIATVREVLSD,False,True,False,True,False,True,True,True,True,True
TFKLSYGIATVREVL,15,21,ATEETFKLSYGIATVREVLSD,False,True,False,True,False,True,True,True,True,True
TNVLEGSVAYESLRP,15,21,TNVLEGSVAYESLRPDTRYVL,False,True,False,True,False,False,True,True,False,True
TQQLIRAAEIRASAN,15,21,VTQQLIRAAEIRASANLAATK,False,True,False,True,False,True,True,True,True,True
VRATATIPIQASLPF,15,21,SDFVRATATIPIQASLPFGWL,False,True,False,True,False,True,True,True,True,True
VTQQLIRAAEIRASA,15,21,VTQQLIRAAEIRASANLAATK,False,True,False,True,False,True,True,True,True,True
