allele,peptide,affinity,in_sars2
HLA-A*01:01,CTDDNALAY,4.50,1
HLA-A*01:01,FMGRIRSVY,5874.50,1
HLA-A*01:01,FVDGVPFVV,1410.05,1
HLA-A*01:01,ISDYDYYRY,47.66,1
HLA-A*01:01,KSDGTGTIY,34.00,1
HLA-A*01:01,MTNRQFHQK,9211.50,1
HLA-A*01:01,NQDLNGNWY,282.40,1
HLA-A*01:01,RLYYDSMSY,7948.50,1
HLA-A*01:01,RVDFCGKGY,1000.50,1
HLA-A*01:01,VLWAHGFEL,4700.50,1
HLA-A*01:01,VVDKYFDCY,98.50,1
HLA-A*02:01,ALWEIQQVV,300.65,1
HLA-A*02:01,FMGRIRSVY,9164.00,1
HLA-A*02:01,FVDGVPFVV,124.45,1
HLA-A*02:01,ILGLPTQTV,401.65,1
HLA-A*02:01,ILGTVSWNL,382.15,1
HLA-A*02:01,ILHCANFNV,114.35,1
HLA-A*02:01,KLFAAETLK,29175.00,1
HLA-A*02:01,KLFIRQEEV,400.25,1
HLA-A*02:01,KLWAQCVQL,108.67,1
HLA-A*02:01,KQFDTYNLW,48385.00,1
HLA-A*02:01,MPASWVMRI,8191.50,1
HLA-A*02:01,RLYYDSMSY,22780.00,1
HLA-A*02:01,SLAIDAYPL,144.85,1
HLA-A*02:01,TLVPQEHYV,119.10,1
HLA-A*02:01,TPRDLGACI,36030.00,1
HLA-A*02:01,VLWAHGFEL,72.42,1
HLA-A*02:01,YIFFASFYY,6821.00,1
HLA-A*03:01,ALRANSAVK,197.12,1
HLA-A*03:01,ATVVIGTSK,231.85,1
HLA-A*03:01,AVLQSGFRK,258.85,1
HLA-A*03:01,CTDDNALAY,3775.00,1
HLA-A*03:01,FMGRIRSVY,2337.00,1
HLA-A*03:01,FRYMNSQGL,36320.00,1
HLA-A*03:01,GVAMPNLYK,59.92,1
HLA-A*03:01,ILHCANFNV,7787.50,1
HLA-A*03:01,KLFAAETLK,375.87,1
HLA-A*03:01,KLWAQCVQL,2856.00,1
HLA-A*03:01,KMQRMLLEK,304.95,1
HLA-A*03:01,KSDGTGTIY,14660.00,1
HLA-A*03:01,KTFPPTEPK,186.22,1
HLA-A*03:01,MTNRQFHQK,88.24,1
HLA-A*03:01,RLYYDSMSY,57.01,1
HLA-A*03:01,RVDFCGKGY,1891.00,1
HLA-A*03:01,SSNVANYQK,442.07,1
HLA-A*03:01,VLWAHGFEL,2333.00,1
HLA-A*03:01,VRFPNITNL,8000.00,1
HLA-A*03:01,VVDKYFDCY,1916.50,1
HLA-A*03:01,VVYRGTTTY,42.06,1
HLA-A*03:01,YIFFASFYY,1004.67,1
HLA-A*11:01,ALRANSAVK,1760.00,1
HLA-A*11:01,ATVVIGTSK,30.13,1
HLA-A*11:01,AVLQSGFRK,80.10,1
HLA-A*11:01,CTDDNALAY,700.60,1
HLA-A*11:01,EHYVRITGL,24320.00,1
HLA-A*11:01,FMGRIRSVY,18235.00,1
HLA-A*11:01,FPPTSFGPL,3015.00,1
HLA-A*11:01,FRYMNSQGL,21850.00,1
HLA-A*11:01,FVDGVPFVV,23115.00,1
HLA-A*11:01,GRLQSLQTY,26870.00,1
HLA-A*11:01,GVAMPNLYK,72.82,1
HLA-A*11:01,ISDYDYYRY,9361.00,1
HLA-A*11:01,KLFAAETLK,233.75,1
HLA-A*11:01,KMQRMLLEK,340.80,1
HLA-A*11:01,KTFPPTEPK,69.82,1
HLA-A*11:01,LPYPDPSRI,2259.00,1
HLA-A*11:01,MTNRQFHQK,144.95,1
HLA-A*11:01,NPKTPKYKF,3961.00,1
HLA-A*11:01,RLYYDSMSY,237.02,1
HLA-A*11:01,RVDFCGKGY,7729.00,1
HLA-A*11:01,SALNHTKKW,17080.00,1
HLA-A*11:01,SSNVANYQK,22.92,1
HLA-A*11:01,TLVPQEHYV,43185.00,1
HLA-A*11:01,TPKGPKVKY,46095.00,1
HLA-A*11:01,TPRDLGACI,9728.50,1
HLA-A*11:01,TPSGTWLTY,4571.00,1
HLA-A*11:01,TTLPVNVAF,27345.00,1
HLA-A*11:01,TTTLEETKF,108670.00,1
HLA-A*11:01,VRFPNITNL,18600.00,1
HLA-A*11:01,VVDKYFDCY,1490.00,1
HLA-A*11:01,VVYRGTTTY,117.17,1
HLA-A*11:01,YIFFASFYY,346.95,1
HLA-A*11:01,YQKVGMQKY,34445.00,1
HLA-A*26:01,YIFFASFYY,527.00,1
HLA-A*31:01,ALRANSAVK,479.00,1
HLA-A*31:01,AVLQSGFRK,186.50,1
HLA-A*31:01,FMGRIRSVY,123.00,1
HLA-A*31:01,ILHCANFNV,798.33,1
HLA-A*31:01,KLFAAETLK,173.00,1
HLA-A*31:01,KLFIRQEEV,129.50,1
HLA-A*31:01,KLWAQCVQL,303.50,1
HLA-A*31:01,KQFDTYNLW,1348.50,1
HLA-A*31:01,KTFPPTEPK,96.33,1
HLA-A*31:01,RLYYDSMSY,6936.50,1
HLA-A*31:01,VLWAHGFEL,305.00,1
HLA-A*69:01,ALWEIQQVV,202.00,1
HLA-A*69:01,FPPTSFGPL,53.50,1
HLA-A*69:01,FVDGVPFVV,23.33,1
HLA-A*69:01,ILGTVSWNL,22940.00,1
HLA-A*69:01,ILHCANFNV,190.00,1
HLA-A*69:01,KLFAAETLK,15865.00,1
HLA-A*69:01,MPASWVMRI,17.00,1
HLA-A*69:01,SLAIDAYPL,271.50,1
HLA-A*69:01,TLVPQEHYV,79.50,1
HLA-A*69:01,TTLPVNVAF,20.00,1
HLA-A*69:01,VLWAHGFEL,65.50,1
HLA-A*69:01,YIFFASFYY,737.50,1
HLA-B*07:02,FPPTSFGPL,85.06,1
HLA-B*07:02,FPRGQGVPI,33.50,1
HLA-B*07:02,IPRRNVATL,23.50,1
HLA-B*07:02,LPIDKCSRI,1295.00,1
HLA-B*07:02,LPYPDPSRI,1565.00,1
HLA-B*07:02,MPASWVMRI,508.00,1
HLA-B*07:02,NPKTPKYKF,28620.00,1
HLA-B*07:02,SLAIDAYPL,33410.00,1
HLA-B*07:02,TPRDLGACI,188.35,1
HLA-B*07:02,TPSGTWLTY,7019.00,1
HLA-B*07:02,TTLPVNVAF,5765.00,1
HLA-B*07:02,VLWAHGFEL,6179.50,1
HLA-B*07:02,VRFPNITNL,21825.00,1
HLA-B*08:01,EHYVRITGL,3528.00,1
HLA-B*08:01,FMGRIRSVY,604.50,1
HLA-B*08:01,FPRGQGVPI,129.50,1
HLA-B*08:01,FRYMNSQGL,7925.50,1
HLA-B*08:01,IPRRNVATL,71.00,1
HLA-B*08:01,KLFIRQEEV,2848.33,1
HLA-B*08:01,LPIDKCSRI,2444.00,1
HLA-B*08:01,NPKTPKYKF,1153.00,1
HLA-B*08:01,SLAIDAYPL,9192.50,1
HLA-B*08:01,VLWAHGFEL,3198.50,1
HLA-B*15:01,ALWEIQQVV,869.15,1
HLA-B*15:01,FMGRIRSVY,393.00,1
HLA-B*15:01,ILGLPTQTV,1604.00,1
HLA-B*15:01,KLFAAETLK,21275.00,1
HLA-B*15:01,KLFIRQEEV,14890.00,1
HLA-B*15:01,KMQRMLLEK,40280.00,1
HLA-B*15:01,KQFDTYNLW,241.50,1
HLA-B*15:01,KSDGTGTIY,847.80,1
HLA-B*15:01,LQIPFAMQM,180.50,1
HLA-B*15:01,NQDLNGNWY,15275.00,1
HLA-B*15:01,RLYYDSMSY,129.95,1
HLA-B*15:01,RVDFCGKGY,1087.15,1
HLA-B*15:01,SLAIDAYPL,1076.70,1
HLA-B*15:01,TTLPVNVAF,1755.50,1
HLA-B*15:01,VLWAHGFEL,617.40,1
HLA-B*15:01,VVYRGTTTY,110.01,1
HLA-B*15:01,YIFFASFYY,3713.50,1
HLA-B*15:01,YQKVGMQKY,155.00,1
HLA-B*27:05,EHYVRITGL,46910.00,1
HLA-B*27:05,FRYMNSQGL,51.33,1
HLA-B*27:05,GRLQSLQTY,154.70,1
HLA-B*27:05,KLFAAETLK,2179.50,1
HLA-B*27:05,KQFDTYNLW,13287.00,1
HLA-B*27:05,RLYYDSMSY,4810.50,1
HLA-B*27:05,RVDFCGKGY,3889.00,1
HLA-B*27:05,SRYWEPEFY,1185.50,1
HLA-B*27:05,VRFPNITNL,787.15,1
HLA-B*27:05,YQKVGMQKY,3673.00,1
HLA-B*40:01,FRYMNSQGL,45530.00,1
HLA-B*40:01,LQIPFAMQM,4038.50,1
HLA-B*40:01,SLAIDAYPL,31485.00,1
HLA-B*58:01,CTDDNALAY,8283.50,1
HLA-B*58:01,FMGRIRSVY,6005.00,1
HLA-B*58:01,FTDGVCLFW,172.20,1
HLA-B*58:01,ILGTVSWNL,804.40,1
HLA-B*58:01,ISDYDYYRY,1630.00,1
HLA-B*58:01,KQFDTYNLW,104.63,1
HLA-B*58:01,KSDGTGTIY,174.10,1
HLA-B*58:01,LQIPFAMQM,986.20,1
HLA-B*58:01,RLYYDSMSY,778.25,1
HLA-B*58:01,SALNHTKKW,349.55,1
HLA-B*58:01,TTLPVNVAF,328.50,1
HLA-B*58:01,TTTLEETKF,11665.00,1
HLA-B*58:01,VLWAHGFEL,1855.50,1
HLA-B*58:01,VVYRGTTTY,280.95,1
HLA-B*58:01,YIFFASFYY,3120.00,1
HLA-C*04:01,CTDDNALAY,20000.00,1
HLA-C*05:01,FPPTSFGPL,20000.00,1
HLA-C*06:02,FRYMNSQGL,2.00,1
HLA-C*08:02,CTDDNALAY,20000.00,1
HLA-C*14:02,VRFPNITNL,213.00,1
HLA-C*15:02,LQIPFAMQM,110.00,1
