allele,peptide,fraction_entries_positive,num_entries,num_entries_with_subjects,num_subjects,num_subjects_positive,fraction_subjects_positive,in_sars2,species_prefix,species,mhc_gene_name,mhc_class
H2-Kb,HNYKYRYL,1.0,3,0,0.0,0.0,0.0,False,H2,mouse,K,I
H2-Kb,VNFNFNGL,1.0,1,0,0.0,0.0,0.0,True,H2,mouse,K,I
H2-Kd,FAQSIFYRL,0.0,1,0,0.0,0.0,0.0,False,H2,mouse,K,I
H2-Kd,FYAPEPITS,0.0,1,0,0.0,0.0,0.0,False,H2,mouse,K,I
H2-Kd,FYAPEPITSL,1.0,1,0,0.0,0.0,0.0,False,H2,mouse,K,I
H2-Kd,FYRLNGVGI,0.0,1,0,0.0,0.0,0.0,False,H2,mouse,K,I
H2-Kd,FYRLNGVGIT,1.0,1,0,0.0,0.0,0.0,False,H2,mouse,K,I
H2-Kd,KCYGVSATKL,1.0,1,0,0.0,0.0,0.0,False,H2,mouse,K,I
H2-Kd,KYYSIIPHS,0.0,1,0,0.0,0.0,0.0,False,H2,mouse,K,I
H2-Kd,KYYSIIPHSI,1.0,1,0,0.0,0.0,0.0,False,H2,mouse,K,I
H2-Kd,SFYAPEPI,0.0,1,0,0.0,0.0,0.0,False,H2,mouse,K,I
H2-Kd,SFYAPEPIT,0.0,1,0,0.0,0.0,0.0,False,H2,mouse,K,I
H2-Kd,SFYAPEPITSL,1.0,1,0,0.0,0.0,0.0,False,H2,mouse,K,I
H2-Kd,YGVSATKL,1.0,1,0,0.0,0.0,0.0,False,H2,mouse,K,I
H2-Kd,YYSIIPHS,0.0,1,0,0.0,0.0,0.0,False,H2,mouse,K,I
H2-Kd,YYSIIPHSI,1.0,2,0,0.0,0.0,0.0,False,H2,mouse,K,I
HLA-A*02:01,ALNTLVKQL,1.0,2,0,0.0,0.0,0.0,True,HLA,human,A,I
HLA-A*02:01,ALNTPKDHI,0.5,2,0,0.0,0.0,0.0,True,HLA,human,A,I
HLA-A*02:01,ALSGVFCGV,1.0,2,0,0.0,0.0,0.0,False,HLA,human,A,I
HLA-A*02:01,AMWLLLLSI,1.0,1,0,0.0,0.0,0.0,False,HLA,human,A,I
HLA-A*02:01,CLDAGINYV,1.0,2,0,0.0,0.0,0.0,False,HLA,human,A,I
HLA-A*02:01,DLPSGFNTL,0.0,2,0,0.0,0.0,0.0,False,HLA,human,A,I
HLA-A*02:01,FIAGLIAIV,0.8,5,0,0.0,0.0,0.0,True,HLA,human,A,I
HLA-A*02:01,FIFLLFLTL,0.0,2,0,0.0,0.0,0.0,False,HLA,human,A,I
HLA-A*02:01,FLWLLWPVTL,0.0,1,0,0.0,0.0,0.0,True,HLA,human,A,I
HLA-A*02:01,FVFNGTSWFI,0.0,1,1,4.0,0.0,0.0,False,HLA,human,A,I
HLA-A*02:01,GLMWLSYFV,1.0,5,2,6.0,6.0,1.0,False,HLA,human,A,I
HLA-A*02:01,GMSRIGMEV,0.8571428571428571,7,0,0.0,0.0,0.0,True,HLA,human,A,I
HLA-A*02:01,ILLLDQVLV,1.0,2,0,0.0,0.0,0.0,False,HLA,human,A,I
HLA-A*02:01,ILLNKHID,0.0,1,0,0.0,0.0,0.0,True,HLA,human,A,I
HLA-A*02:01,ILLNKHIDA,0.3333333333333333,3,0,0.0,0.0,0.0,True,HLA,human,A,I
HLA-A*02:01,ILPDPLKPT,1.0,2,0,0.0,0.0,0.0,False,HLA,human,A,I
HLA-A*02:01,KLNDLCFSNV,0.0,1,1,4.0,0.0,0.0,False,HLA,human,A,I
HLA-A*02:01,KLPDDFMGCV,1.0,7,1,4.0,4.0,1.0,False,HLA,human,A,I
HLA-A*02:01,LALLLLDRL,1.0,2,0,0.0,0.0,0.0,True,HLA,human,A,I
HLA-A*02:01,LITGRLAAL,0.0,1,0,0.0,0.0,0.0,False,HLA,human,A,I
HLA-A*02:01,LITGRLQSL,0.8,5,0,0.0,0.0,0.0,True,HLA,human,A,I
HLA-A*02:01,LLCVLAALV,1.0,2,0,0.0,0.0,0.0,False,HLA,human,A,I
HLA-A*02:01,LLLDRLNQL,0.875,8,1,4.0,0.0,0.0,True,HLA,human,A,I
HLA-A*02:01,LLLLDRLNQL,0.0,1,1,4.0,0.0,0.0,True,HLA,human,A,I
HLA-A*02:01,LLLNCLWSV,0.0,1,0,0.0,0.0,0.0,False,HLA,human,A,I
HLA-A*02:01,LQLPQGTTL,0.5,2,0,0.0,0.0,0.0,True,HLA,human,A,I
HLA-A*02:01,MIAAYTAAL,0.0,2,0,0.0,0.0,0.0,False,HLA,human,A,I
HLA-A*02:01,NLNESLIDL,0.6666666666666666,6,0,0.0,0.0,0.0,True,HLA,human,A,I
HLA-A*02:01,RLNEVAKNL,1.0,16,4,71.0,32.0,0.4507042253521127,True,HLA,human,A,I
HLA-A*02:01,RLNQLESKV,0.75,8,1,4.0,0.0,0.0,False,HLA,human,A,I
HLA-A*02:01,RLQSLQTYV,0.0,1,1,4.0,0.0,0.0,True,HLA,human,A,I
HLA-A*02:01,SIVAYTMSL,1.0,4,0,0.0,0.0,0.0,False,HLA,human,A,I
HLA-A*02:01,SLVKPTVYV,0.0,1,0,0.0,0.0,0.0,False,HLA,human,A,I
HLA-A*02:01,SMWALVISV,1.0,2,0,0.0,0.0,0.0,False,HLA,human,A,I
HLA-A*02:01,TLACFVLAAV,1.0,5,2,6.0,6.0,1.0,True,HLA,human,A,I
HLA-A*02:01,TLMNVITLV,1.0,2,0,0.0,0.0,0.0,False,HLA,human,A,I
HLA-A*02:01,VIADYNYKL,0.0,2,0,0.0,0.0,0.0,False,HLA,human,A,I
HLA-A*02:01,VLAWLYAAV,1.0,1,0,0.0,0.0,0.0,True,HLA,human,A,I
HLA-A*02:01,VLNDILSRL,1.0,4,0,0.0,0.0,0.0,True,HLA,human,A,I
HLA-A*02:01,VLQLPQGTTL,0.0,2,0,0.0,0.0,0.0,True,HLA,human,A,I
HLA-A*02:01,VVFLHVTYV,0.6666666666666666,3,1,4.0,0.0,0.0,True,HLA,human,A,I
HLA-A*02:01,WLMWFIISI,1.0,2,0,0.0,0.0,0.0,False,HLA,human,A,I
HLA-A*02:01,WLTYHGAIKL,0.0,2,0,0.0,0.0,0.0,False,HLA,human,A,I
HLA-A*02:01,YLGTGPEASL,0.0,3,1,4.0,0.0,0.0,False,HLA,human,A,I
HLA-A*24:02,QFKDNVILL,1.0,3,0,0.0,0.0,0.0,False,HLA,human,A,I
HLA-B*15:25,QKRTATKQYNVTQAF,1.0,1,0,0.0,0.0,0.0,False,HLA,human,B,I
HLA-B*40:01,GETALALLLL,0.6666666666666666,12,1,16.0,3.0,0.1875,False,HLA,human,B,I
HLA-B*40:01,MEVTPSGTWL,1.0,3,0,0.0,0.0,0.0,True,HLA,human,B,I
HLA-B*55:02,RRPQGLPNNIASWFT,1.0,1,0,0.0,0.0,0.0,False,HLA,human,B,I
HLA-B*58:01,RFFTLGSITAQPVKI,1.0,1,0,0.0,0.0,0.0,False,HLA,human,B,I
HLA-B*58:01,SITAQPVKI,1.0,2,0,0.0,0.0,0.0,False,HLA,human,B,I
HLA-DRA*01:01/DRB1*07:01,AQKFNGLTVLPPLLTDDM,1.0,1,0,0.0,0.0,0.0,False,HLA,human,DRA,II
HLA-DRA*01:01/DRB1*07:01,EIFRSDTLYLTQDLFLPF,1.0,1,0,0.0,0.0,0.0,False,HLA,human,DRA,II
HLA-DRA*01:01/DRB1*07:01,GAALQIPFAMQMAYRF,1.0,1,0,0.0,0.0,0.0,True,HLA,human,DRA,II
HLA-DRA*01:01/DRB1*07:01,IYQTSNFRVVPSGDVVRF,1.0,1,0,0.0,0.0,0.0,False,HLA,human,DRA,II
HLA-DRA*01:01/DRB1*07:01,KSFEIDKGIYQTSNFRVV,1.0,1,0,0.0,0.0,0.0,False,HLA,human,DRA,II
HLA-DRA*01:01/DRB1*07:01,KSIVAYTMSLGADSSIAY,1.0,1,0,0.0,0.0,0.0,False,HLA,human,DRA,II
HLA-DRA*01:01/DRB1*07:01,LLRSTSQKSIVAYTMSL,1.0,1,0,0.0,0.0,0.0,False,HLA,human,DRA,II
HLA-DRA*01:01/DRB1*07:01,NAFNCTFEYISDAFSLDV,1.0,1,0,0.0,0.0,0.0,False,HLA,human,DRA,II
HLA-DRA*01:01/DRB1*07:01,NPFFAVSKPMGTQTHTMI,1.0,1,0,0.0,0.0,0.0,False,HLA,human,DRA,II
HLA-DRA*01:01/DRB1*07:01,STFFSTFKCYGVSATKL,1.0,1,0,0.0,0.0,0.0,False,HLA,human,DRA,II
HLA-DRA*01:01/DRB1*07:01,TAFSPAQDIWGTSAAAYF,1.0,1,0,0.0,0.0,0.0,False,HLA,human,DRA,II
HLA-DRA*01:01/DRB1*07:01,TGFHTINHTFGNPVIPFK,1.0,1,0,0.0,0.0,0.0,False,HLA,human,DRA,II
HLA-DRA*01:01/DRB1*07:01,TLKPIFKLPLGINITNFR,1.0,1,0,0.0,0.0,0.0,False,HLA,human,DRA,II
HLA-DRA*01:01/DRB1*07:01,YLTQDLFLPFYSNVTGFH,1.0,1,0,0.0,0.0,0.0,False,HLA,human,DRA,II
HLA-DRB1*04:01,CSQNPLAELKCSVKSFEI,0.5,2,1,3.0,1.0,0.3333333333333333,False,HLA,human,DRB1,II
HLA-DRB1*04:01,CTFEYISDAFSLD,1.0,3,2,6.0,3.0,0.5,False,HLA,human,DRB1,II
HLA-DRB1*04:01,DAFSLDVSEKSGN,0.7142857142857143,7,2,7.0,6.0,0.8571428571428571,False,HLA,human,DRB1,II
HLA-DRB1*04:01,ESLTTTSTALGKLQDVV,0.5,4,1,2.0,2.0,1.0,False,HLA,human,DRB1,II
HLA-DRB1*04:01,GFMKQYGECLGDINARDL,0.5,2,1,3.0,1.0,0.3333333333333333,False,HLA,human,DRB1,II
HLA-DRB1*04:01,KKISNCVADYSVLYNSTF,0.5,2,1,3.0,1.0,0.3333333333333333,False,HLA,human,DRB1,II
HLA-DRB1*04:01,KSFEIDKGIYQTSNFRVV,1.0,2,1,3.0,2.0,0.6666666666666666,False,HLA,human,DRB1,II
HLA-DRB1*04:01,KSIVAYTMSLGADSSIAY,1.0,1,1,3.0,1.0,0.3333333333333333,False,HLA,human,DRB1,II
HLA-DRB1*04:01,MAYRFNGIGVTQNVLY,0.3333333333333333,3,1,2.0,1.0,0.5,True,HLA,human,DRB1,II
HLA-DRB1*04:01,QALNTLVKQLSSNFGAI,1.0,1,1,2.0,1.0,0.5,True,HLA,human,DRB1,II
HLA-DRB1*04:01,QLIRAAEIRASANLAATK,0.5,4,1,2.0,1.0,0.5,True,HLA,human,DRB1,II
HLA-DRB1*04:01,RPFERDISNVPFS,0.7142857142857143,7,2,8.0,3.0,0.375,False,HLA,human,DRB1,II
HLA-DRB1*04:01,SWFITQRNFFSPQII,0.7142857142857143,7,2,5.0,4.0,0.8,False,HLA,human,DRB1,II
HLA-DRB1*04:01,TNFRAILTAFSPAQDIW,0.6666666666666666,3,1,3.0,2.0,0.6666666666666666,False,HLA,human,DRB1,II
HLA-DRB1*04:01,VKQMYKTPTLKYFGGFNF,0.5,2,1,3.0,2.0,0.6666666666666666,False,HLA,human,DRB1,II
HLA-DRB1*04:01,VRGWVFGSTMNNKSQSVI,0.6666666666666666,3,1,3.0,1.0,0.3333333333333333,False,HLA,human,DRB1,II
HLA-DRB1*04:01,YLRHGKLRPFERDISNVP,1.0,3,2,8.0,3.0,0.375,False,HLA,human,DRB1,II
