V1,Source,Virus,Protein,Start,End,Animal,Isotype,Immunization,Monoclonal Name,In vitro function,Vaccine function,Notes,Sequence,Length,Sequence_length,accessible_subsequence,accessible_subsequence_start,accessible_subsequence_end,accessible_subsequence_length,accessible_subsequence_is_4mer_or_longer,accessible_subsequence_contains_glycosite,accessible_subsequence_contains_polymorphism,distance_to_RBD,in_RBD,distance_to_RBD_padded,near_RBD,distance_to_FP,in_FP,distance_to_FP_padded,near_FP,distance_to_HR1,in_HR1,distance_to_HR1_padded,near_HR1,distance_to_HR2,in_HR2,distance_to_HR2_padded,near_HR2,distance_to_S1_S2_boundary,in_S1_S2_boundary,distance_to_S1_S2_boundary_padded,near_S1_S2_boundary,in_any_feature,near_any_feature,IgA,IgG,IgG_and_IgA
0,Poh 2020,SARS-CoV-2,S,553,570,Human,IgG,Infection,Polyclonal,,,"",TESNKKFLPFQQFGRDIA,18,18,"",0,0,0,FALSE,FALSE,FALSE,12,FALSE,0,TRUE,218,FALSE,203,FALSE,342,FALSE,327,FALSE,593,FALSE,578,FALSE,115,FALSE,100,FALSE,FALSE,TRUE,FALSE,TRUE,FALSE
1,Poh 2020,SARS-CoV-2,S,809,826,Human,IgG,Infection,Polyclonal,,,"",PSKPSKRSFIEDLLFNKV,18,18,PSKP,809,812,4,TRUE,FALSE,FALSE,268,FALSE,218,FALSE,3,FALSE,0,TRUE,86,FALSE,71,FALSE,337,FALSE,322,FALSE,123,FALSE,108,FALSE,FALSE,TRUE,FALSE,TRUE,FALSE
2,Wang 2020,SARS-CoV-2,S,26,30,Human,IgG,Infection,Polyclonal,,,"",PAYTN,5,5,"",0,0,0,FALSE,FALSE,FALSE,289,FALSE,239,FALSE,758,FALSE,743,FALSE,882,FALSE,867,FALSE,1133,FALSE,1118,FALSE,655,FALSE,640,FALSE,FALSE,FALSE,FALSE,TRUE,FALSE
3,Wang 2020,SARS-CoV-2,S,186,190,Human,IgG,Infection,Polyclonal,,,"",FKNLR,5,5,FK,186,187,2,FALSE,FALSE,FALSE,129,FALSE,79,FALSE,598,FALSE,583,FALSE,722,FALSE,707,FALSE,973,FALSE,958,FALSE,495,FALSE,480,FALSE,FALSE,FALSE,FALSE,TRUE,FALSE
4,Wang 2020,SARS-CoV-2,S,356,360,Human,IgG,Infection,Polyclonal,,,"",KRISN,5,5,"",0,0,0,FALSE,FALSE,FALSE,0,TRUE,0,TRUE,428,FALSE,413,FALSE,552,FALSE,537,FALSE,803,FALSE,788,FALSE,325,FALSE,310,FALSE,TRUE,TRUE,FALSE,TRUE,FALSE
5,Wang 2020,SARS-CoV-2,S,456,460,Human,IgG,Infection,Polyclonal,,,"",FRKSN,5,5,FRKSN,456,460,5,TRUE,FALSE,FALSE,0,TRUE,0,TRUE,328,FALSE,313,FALSE,452,FALSE,437,FALSE,703,FALSE,688,FALSE,225,FALSE,210,FALSE,TRUE,TRUE,FALSE,TRUE,FALSE
6,Wang 2020,SARS-CoV-2,S,806,820,Human,"IgG,IgM",Infection,Polyclonal,,,IgM epitpe is 816-SFIED-820,LPDPSKPSKRSFIED,15,15,PSKP,809,812,4,TRUE,FALSE,FALSE,265,FALSE,215,FALSE,0,TRUE,0,TRUE,92,FALSE,77,FALSE,343,FALSE,328,FALSE,120,FALSE,105,FALSE,TRUE,TRUE,FALSE,TRUE,FALSE
7,Wang 2020,SARS-CoV-2,S,1196,1200,Human,IgG,Infection,Polyclonal,,,"",SLIDL,5,5,"",0,0,0,FALSE,FALSE,FALSE,655,FALSE,605,FALSE,390,FALSE,375,FALSE,212,FALSE,197,FALSE,0,TRUE,0,TRUE,510,FALSE,495,FALSE,TRUE,TRUE,FALSE,TRUE,FALSE
8,Wang 2020,SARS-CoV-2,S,886,890,Human,IgM,Infection,Polyclonal,,,"",WTFGA,5,5,"",0,0,0,FALSE,FALSE,FALSE,345,FALSE,295,FALSE,80,FALSE,65,FALSE,22,FALSE,7,FALSE,273,FALSE,258,FALSE,200,FALSE,185,FALSE,FALSE,FALSE,FALSE,FALSE,FALSE
9,Wang 2020,SARS-CoV-2,S,1046,1050,Human,IgM,Infection,Polyclonal,,,"",GYHLM,5,5,"",0,0,0,FALSE,FALSE,FALSE,505,FALSE,455,FALSE,240,FALSE,225,FALSE,62,FALSE,47,FALSE,113,FALSE,98,FALSE,360,FALSE,345,FALSE,FALSE,FALSE,FALSE,FALSE,FALSE
10,Charite 2020,SARS-CoV-2,S,459,473,Human,"3/9 IgG, 2/9 IgA",Infection,Polyclonal,,,"",SNLKPFERDISTEIY,15,15,SNLKPFERDISTEIY,459,473,15,TRUE,FALSE,FALSE,0,TRUE,0,TRUE,315,FALSE,300,FALSE,439,FALSE,424,FALSE,690,FALSE,675,FALSE,212,FALSE,197,FALSE,TRUE,TRUE,TRUE,TRUE,TRUE
11,Charite 2020,SARS-CoV-2,S,503,517,Human,1/9 IgG,Infection,Polyclonal,,,"",VGYQPYRVVVLSFEL,15,15,V,503,503,1,FALSE,FALSE,FALSE,0,TRUE,0,TRUE,271,FALSE,256,FALSE,395,FALSE,380,FALSE,646,FALSE,631,FALSE,168,FALSE,153,FALSE,TRUE,TRUE,FALSE,TRUE,FALSE
12,Charite 2020,SARS-CoV-2,S,505,519,Human,"2/9 IgG, 2/9 IgA",Infection,Polyclonal,,,"",YQPYRVVVLSFELLH,15,15,"",0,0,0,FALSE,FALSE,FALSE,0,TRUE,0,TRUE,269,FALSE,254,FALSE,393,FALSE,378,FALSE,644,FALSE,629,FALSE,166,FALSE,151,FALSE,TRUE,TRUE,TRUE,TRUE,TRUE
13,Charite 2020,SARS-CoV-2,S,569,583,Human,"3/9 IgG, 1/9 IgA",Infection,Polyclonal,,,"",IADTTDAVRDPQTLE,15,15,QTLE,580,583,4,TRUE,FALSE,FALSE,28,FALSE,0,TRUE,205,FALSE,190,FALSE,329,FALSE,314,FALSE,580,FALSE,565,FALSE,102,FALSE,87,FALSE,FALSE,TRUE,TRUE,TRUE,TRUE
14,Charite 2020,SARS-CoV-2,S,571,585,Human,"1/9 IgG, 2/9 IgA",Infection,Polyclonal,,,"",DTTDAVRDPQTLEIL,15,15,QTLE,580,583,4,TRUE,FALSE,FALSE,30,FALSE,0,TRUE,203,FALSE,188,FALSE,327,FALSE,312,FALSE,578,FALSE,563,FALSE,100,FALSE,85,FALSE,FALSE,TRUE,TRUE,TRUE,TRUE
15,Charite 2020,SARS-CoV-2,S,573,587,Human,"3/9 IgG, 1/9 IgA",Infection,Polyclonal,,,"",TDAVRDPQTLEILDI,15,15,QTLE,580,583,4,TRUE,FALSE,FALSE,32,FALSE,0,TRUE,201,FALSE,186,FALSE,325,FALSE,310,FALSE,576,FALSE,561,FALSE,98,FALSE,83,FALSE,FALSE,TRUE,TRUE,TRUE,TRUE
16,Charite 2020,SARS-CoV-2,S,767,781,Human,"3/9 IgG, 2/9 IgA",Infection,Polyclonal,,,"",LTGIAVEQDKNTQEV,15,15,"",0,0,0,FALSE,FALSE,FALSE,226,FALSE,176,FALSE,7,FALSE,0,TRUE,131,FALSE,116,FALSE,382,FALSE,367,FALSE,81,FALSE,66,FALSE,FALSE,TRUE,TRUE,TRUE,TRUE
17,Charite 2020,SARS-CoV-2,S,805,819,Human,2/9 IgG,Infection,Polyclonal,,,"",ILPDPSKPSKRSFIE,15,15,PSKP,809,812,4,TRUE,FALSE,FALSE,264,FALSE,214,FALSE,0,TRUE,0,TRUE,93,FALSE,78,FALSE,344,FALSE,329,FALSE,119,FALSE,104,FALSE,TRUE,TRUE,FALSE,TRUE,FALSE
18,Charite 2020,SARS-CoV-2,S,807,821,Human,"2/9 IgG, 1/9 IgA",Infection,Polyclonal,,,"",PDPSKPSKRSFIEDL,15,15,PSKP,809,812,4,TRUE,FALSE,FALSE,266,FALSE,216,FALSE,1,FALSE,0,TRUE,91,FALSE,76,FALSE,342,FALSE,327,FALSE,121,FALSE,106,FALSE,FALSE,TRUE,TRUE,TRUE,TRUE
19,Charite 2020,SARS-CoV-2,S,1193,1207,Human,"3/9 IgG, 2/9 IgA",Infection,Polyclonal,,,"",LNESLIDLQELGKYE,15,15,"",0,0,0,FALSE,FALSE,FALSE,652,FALSE,602,FALSE,387,FALSE,372,FALSE,209,FALSE,194,FALSE,0,TRUE,0,TRUE,507,FALSE,492,FALSE,TRUE,TRUE,TRUE,TRUE,TRUE
20,Charite 2020,SARS-CoV-2,S,1195,1209,Human,"2/9 IgG, 3/9 IgA",Infection,Polyclonal,,,"",ESLIDLQELGKYEQY,15,15,"",0,0,0,FALSE,FALSE,FALSE,654,FALSE,604,FALSE,389,FALSE,374,FALSE,211,FALSE,196,FALSE,0,TRUE,0,TRUE,509,FALSE,494,FALSE,TRUE,TRUE,TRUE,TRUE,TRUE
21,Charite 2020,SARS-CoV-2,S,127,141,Human,"2/9 IgG, 2/9 IgA",Infection,Polyclonal,,,"",VIKVCEFQFCNDPFL,15,15,"",0,0,0,FALSE,FALSE,FALSE,178,FALSE,128,FALSE,647,FALSE,632,FALSE,771,FALSE,756,FALSE,1022,FALSE,1007,FALSE,544,FALSE,529,FALSE,FALSE,FALSE,TRUE,TRUE,TRUE
22,Charite 2020,SARS-CoV-2,S,131,145,Human,"1/9 IgG, 3/9 IgA",Infection,Polyclonal,,,"",CEFQFCNDPFLGVYY,15,15,YY,144,145,2,FALSE,FALSE,FALSE,174,FALSE,124,FALSE,643,FALSE,628,FALSE,767,FALSE,752,FALSE,1018,FALSE,1003,FALSE,540,FALSE,525,FALSE,FALSE,FALSE,TRUE,TRUE,TRUE
23,Charite 2020,SARS-CoV-2,S,343,357,Human,2/9 IgA,Infection,Polyclonal,,,"",NATRFASVYAWNRKR,15,15,"",0,0,0,FALSE,FALSE,FALSE,0,TRUE,0,TRUE,431,FALSE,416,FALSE,555,FALSE,540,FALSE,806,FALSE,791,FALSE,328,FALSE,313,FALSE,TRUE,TRUE,TRUE,FALSE,FALSE
24,Charite 2020,SARS-CoV-2,S,619,633,Human,1/9 IgA,Infection,Polyclonal,,,"",EVPVAIHADQLTPTW,15,15,VAIHADQLTPTW,622,633,12,TRUE,FALSE,FALSE,78,FALSE,28,FALSE,155,FALSE,140,FALSE,279,FALSE,264,FALSE,530,FALSE,515,FALSE,52,FALSE,37,FALSE,FALSE,FALSE,TRUE,FALSE,FALSE
25,Charite 2020,SARS-CoV-2,S,649,663,Human,1/9 IgA,Infection,Polyclonal,,,"",CLIGAEHVNNSYECD,15,15,EHVNNSYE,654,661,8,TRUE,TRUE,FALSE,108,FALSE,58,FALSE,125,FALSE,110,FALSE,249,FALSE,234,FALSE,500,FALSE,485,FALSE,22,FALSE,7,FALSE,FALSE,FALSE,TRUE,FALSE,FALSE
26,Charite 2020,SARS-CoV-2,S,763,777,Human,"2/9 IgG, 3/9 IgA",Infection,Polyclonal,,,"",LNRALTGIAVEQDKN,15,15,"",0,0,0,FALSE,FALSE,FALSE,222,FALSE,172,FALSE,11,FALSE,0,TRUE,135,FALSE,120,FALSE,386,FALSE,371,FALSE,77,FALSE,62,FALSE,FALSE,TRUE,TRUE,TRUE,TRUE
27,Charite 2020,SARS-CoV-2,S,1089,1103,Human,1/9 IgA,Infection,Polyclonal,,,"",FPREGVFVSNGTHWF,15,15,GTH,1099,1101,3,FALSE,FALSE,FALSE,548,FALSE,498,FALSE,283,FALSE,268,FALSE,105,FALSE,90,FALSE,60,FALSE,45,FALSE,403,FALSE,388,FALSE,FALSE,FALSE,TRUE,FALSE,FALSE
28,Charite 2020,SARS-CoV-2,S,1141,1155,Human,"2/9 IgG, 2/9 IgA",Infection,Polyclonal,,,"",LQPELDSFKEELDKY,15,15,"",0,0,0,FALSE,FALSE,FALSE,600,FALSE,550,FALSE,335,FALSE,320,FALSE,157,FALSE,142,FALSE,8,FALSE,0,TRUE,455,FALSE,440,FALSE,FALSE,TRUE,TRUE,TRUE,TRUE
29,Charite 2020,SARS-CoV-2,S,1181,1195,Human,"1/9 IgG,1/9 IgA",Infection,Polyclonal,,,"",KEIDRLNEVAKNLNE,15,15,"",0,0,0,FALSE,FALSE,FALSE,640,FALSE,590,FALSE,375,FALSE,360,FALSE,197,FALSE,182,FALSE,0,TRUE,0,TRUE,495,FALSE,480,FALSE,TRUE,TRUE,TRUE,TRUE,TRUE
30,Dahlke 2020,SARS-CoV-2,S,45,59,Human,"IgA, IgM",Infection,Polyclonal,,,"",SSVLHSTQDLFLPFF,15,15,"",0,0,0,FALSE,FALSE,FALSE,260,FALSE,210,FALSE,729,FALSE,714,FALSE,853,FALSE,838,FALSE,1104,FALSE,1089,FALSE,626,FALSE,611,FALSE,FALSE,FALSE,TRUE,FALSE,FALSE
31,Dahlke 2020,SARS-CoV-2,S,63,91,Human,IgA,Infection,Polyclonal,,,"",TWFHAIHVSGTNGTKRFDNPVLPFNDGVY,29,29,IHVSGTNGTKR,68,78,11,TRUE,TRUE,TRUE,228,FALSE,178,FALSE,697,FALSE,682,FALSE,821,FALSE,806,FALSE,1072,FALSE,1057,FALSE,594,FALSE,579,FALSE,FALSE,FALSE,TRUE,FALSE,FALSE
32,Dahlke 2020,SARS-CoV-2,S,125,181,Human,IgA,Infection,Polyclonal,,,"",NVVIKVCEFQFCNDPFLGVYYHKNNKSWMESEFRVYSSANNCTFEYVSQPFLMDLEG,57,57,YYHKNNKSWME,144,154,11,TRUE,TRUE,TRUE,138,FALSE,88,FALSE,607,FALSE,592,FALSE,731,FALSE,716,FALSE,982,FALSE,967,FALSE,504,FALSE,489,FALSE,FALSE,FALSE,TRUE,FALSE,FALSE
33,Dahlke 2020,SARS-CoV-2,S,215,229,Human,IgA,Infection,Polyclonal,,,"",DLPQGFSALEPLVDL,15,15,D,215,215,1,FALSE,FALSE,FALSE,90,FALSE,40,FALSE,559,FALSE,544,FALSE,683,FALSE,668,FALSE,934,FALSE,919,FALSE,456,FALSE,441,FALSE,FALSE,FALSE,TRUE,FALSE,FALSE
34,Dahlke 2020,SARS-CoV-2,S,241,265,Human,"IgA, IgM",Infection,Polyclonal,,,"",LLALHRSYLTPGDSSSGWTAGAAAY,25,25,HRSYLTPGDSSSGWTAG,245,261,17,TRUE,FALSE,TRUE,54,FALSE,4,FALSE,523,FALSE,508,FALSE,647,FALSE,632,FALSE,898,FALSE,883,FALSE,420,FALSE,405,FALSE,FALSE,FALSE,TRUE,FALSE,FALSE
35,Dahlke 2020,SARS-CoV-2,S,271,295,Human,IgA,Infection,Polyclonal,,,"",QPRTFLLKYNENGTITDAVDCALDP,25,25,"",0,0,0,FALSE,FALSE,FALSE,24,FALSE,0,TRUE,493,FALSE,478,FALSE,617,FALSE,602,FALSE,868,FALSE,853,FALSE,390,FALSE,375,FALSE,FALSE,TRUE,TRUE,FALSE,FALSE
36,Dahlke 2020,SARS-CoV-2,S,343,357,Human,IgA,Infection,Polyclonal,,,"",NATRFASVYAWNRKR,15,15,"",0,0,0,FALSE,FALSE,FALSE,0,TRUE,0,TRUE,431,FALSE,416,FALSE,555,FALSE,540,FALSE,806,FALSE,791,FALSE,328,FALSE,313,FALSE,TRUE,TRUE,TRUE,FALSE,FALSE
37,Dahlke 2020,SARS-CoV-2,S,415,429,Human,IgA,Infection,Polyclonal,,,"",TGKIADYNYKLPDDF,15,15,"",0,0,0,FALSE,FALSE,FALSE,0,TRUE,0,TRUE,359,FALSE,344,FALSE,483,FALSE,468,FALSE,734,FALSE,719,FALSE,256,FALSE,241,FALSE,TRUE,TRUE,TRUE,FALSE,FALSE
38,Dahlke 2020,SARS-CoV-2,S,449,463,Human,IgA,Infection,Polyclonal,,,"",YNYLYRLFRKSNLKP,15,15,FRKSNLKP,456,463,8,TRUE,FALSE,FALSE,0,TRUE,0,TRUE,325,FALSE,310,FALSE,449,FALSE,434,FALSE,700,FALSE,685,FALSE,222,FALSE,207,FALSE,TRUE,TRUE,TRUE,FALSE,FALSE
39,Dahlke 2020,SARS-CoV-2,S,565,587,Human,IgA,Infection,Polyclonal,,,"",FGRDIADTTDAVRDPQTLEILDI,23,23,QTLE,580,583,4,TRUE,FALSE,FALSE,24,FALSE,0,TRUE,201,FALSE,186,FALSE,325,FALSE,310,FALSE,576,FALSE,561,FALSE,98,FALSE,83,FALSE,FALSE,TRUE,TRUE,FALSE,FALSE
40,Dahlke 2020,SARS-CoV-2,S,605,619,Human,IgA,Infection,Polyclonal,,,"",SNQVAVLYQDVNCTE,15,15,"",0,0,0,FALSE,FALSE,FALSE,64,FALSE,14,FALSE,169,FALSE,154,FALSE,293,FALSE,278,FALSE,544,FALSE,529,FALSE,66,FALSE,51,FALSE,FALSE,FALSE,TRUE,FALSE,FALSE
41,Dahlke 2020,SARS-CoV-2,S,647,665,Human,IgA,Infection,Polyclonal,,,"",AGCLIGAEHVNNSYECDIP,19,19,EHVNNSYE,654,661,8,TRUE,TRUE,FALSE,106,FALSE,56,FALSE,123,FALSE,108,FALSE,247,FALSE,232,FALSE,498,FALSE,483,FALSE,20,FALSE,5,FALSE,FALSE,FALSE,TRUE,FALSE,FALSE
42,Dahlke 2020,SARS-CoV-2,S,721,735,Human,IgA,Infection,Polyclonal,,,"",SVTTEILPVSMTKTS,15,15,"",0,0,0,FALSE,FALSE,FALSE,180,FALSE,130,FALSE,53,FALSE,38,FALSE,177,FALSE,162,FALSE,428,FALSE,413,FALSE,35,FALSE,20,FALSE,FALSE,FALSE,TRUE,FALSE,FALSE
43,Dahlke 2020,SARS-CoV-2,S,809,827,Human,IgA,Infection,Polyclonal,,,"",PSKPSKRSFIEDLLFNKVT,19,19,PSKP,809,812,4,TRUE,FALSE,FALSE,268,FALSE,218,FALSE,3,FALSE,0,TRUE,85,FALSE,70,FALSE,336,FALSE,321,FALSE,123,FALSE,108,FALSE,FALSE,TRUE,TRUE,FALSE,FALSE
44,Dahlke 2020,SARS-CoV-2,S,835,851,Human,IgA,Infection,Polyclonal,,,"",KQYGDCLGDIAARDLIC,17,17,KQYGDCLGD,835,843,9,TRUE,FALSE,TRUE,294,FALSE,244,FALSE,29,FALSE,14,FALSE,61,FALSE,46,FALSE,312,FALSE,297,FALSE,149,FALSE,134,FALSE,FALSE,FALSE,TRUE,FALSE,FALSE
45,Dahlke 2020,SARS-CoV-2,S,1087,1111,Human,IgA,Infection,Polyclonal,,,"",AHFPREGVFVSNGTHWFVTQRNFYE,25,25,GTH,1099,1101,3,FALSE,FALSE,FALSE,546,FALSE,496,FALSE,281,FALSE,266,FALSE,103,FALSE,88,FALSE,52,FALSE,37,FALSE,401,FALSE,386,FALSE,FALSE,FALSE,TRUE,FALSE,FALSE
46,Dahlke 2020,SARS-CoV-2,S,1131,1145,Human,IgA,Infection,Polyclonal,,,"",GIVNNTVYDPLQPEL,15,15,"",0,0,0,FALSE,FALSE,FALSE,590,FALSE,540,FALSE,325,FALSE,310,FALSE,147,FALSE,132,FALSE,18,FALSE,3,FALSE,445,FALSE,430,FALSE,FALSE,FALSE,TRUE,FALSE,FALSE
47,Dahlke 2020,SARS-CoV-2,S,1193,1215,Human,IgA,Infection,Polyclonal,,,"",LNESLIDLQELGKYEQYIKWPWY,23,23,"",0,0,0,FALSE,FALSE,FALSE,652,FALSE,602,FALSE,387,FALSE,372,FALSE,209,FALSE,194,FALSE,0,TRUE,0,TRUE,507,FALSE,492,FALSE,TRUE,TRUE,TRUE,FALSE,FALSE
48,Dahlke 2020,SARS-CoV-2,S,369,383,Human,IgG,Infection,Polyclonal,,,"",YNSASFSTFKCYGVS,15,15,"",0,0,0,FALSE,FALSE,FALSE,0,TRUE,0,TRUE,405,FALSE,390,FALSE,529,FALSE,514,FALSE,780,FALSE,765,FALSE,302,FALSE,287,FALSE,TRUE,TRUE,FALSE,TRUE,FALSE
49,Dahlke 2020,SARS-CoV-2,S,637,651,Human,IgG,Infection,Polyclonal,,,"",STGSNVFQTRAGCLI,15,15,STGSNVFQ,637,644,8,TRUE,FALSE,FALSE,96,FALSE,46,FALSE,137,FALSE,122,FALSE,261,FALSE,246,FALSE,512,FALSE,497,FALSE,34,FALSE,19,FALSE,FALSE,FALSE,FALSE,TRUE,FALSE
50,Dahlke 2020,SARS-CoV-2,S,725,739,Human,IgG,Infection,Polyclonal,,,"",EILPVSMTKTSVDCT,15,15,"",0,0,0,FALSE,FALSE,FALSE,184,FALSE,134,FALSE,49,FALSE,34,FALSE,173,FALSE,158,FALSE,424,FALSE,409,FALSE,39,FALSE,24,FALSE,FALSE,FALSE,FALSE,TRUE,FALSE
51,Dahlke 2020,SARS-CoV-2,S,811,831,Human,IgG,Infection,Polyclonal,,,"",KPSKRSFIEDLLFNKVTLADA,21,21,KP,811,812,2,FALSE,FALSE,FALSE,270,FALSE,220,FALSE,5,FALSE,0,TRUE,81,FALSE,66,FALSE,332,FALSE,317,FALSE,125,FALSE,110,FALSE,FALSE,TRUE,FALSE,TRUE,FALSE
52,Dahlke 2020,SARS-CoV-2,S,927,955,Human,IgG,Infection,Polyclonal,,,"",FNSAIGKIQDSLSSTASALGKLQDVVNQN,29,29,"",0,0,0,FALSE,FALSE,FALSE,386,FALSE,336,FALSE,121,FALSE,106,FALSE,0,TRUE,0,TRUE,208,FALSE,193,FALSE,241,FALSE,226,FALSE,TRUE,TRUE,FALSE,TRUE,FALSE
53,Dahlke 2020,SARS-CoV-2,S,1201,1217,Human,IgG,Infection,Polyclonal,,,"",QELGKYEQYIKWPWYIW,17,17,"",0,0,0,FALSE,FALSE,FALSE,660,FALSE,610,FALSE,395,FALSE,380,FALSE,217,FALSE,202,FALSE,0,TRUE,0,TRUE,515,FALSE,500,FALSE,TRUE,TRUE,FALSE,TRUE,FALSE
54,Zamecnik 2020,SARS-CoV-2,S,1141,1178,Human,IgG,Infection,Polyclonal,,,"",LQPELDSFKEELDKYFKNHTSPDVDLGDISGINASVVN,38,38,"",0,0,0,FALSE,FALSE,FALSE,600,FALSE,550,FALSE,335,FALSE,320,FALSE,157,FALSE,142,FALSE,0,TRUE,0,TRUE,455,FALSE,440,FALSE,TRUE,TRUE,FALSE,TRUE,FALSE
55,Zamecnik 2020,SARS-CoV-2,S,818,855,Human,IgG,Infection,Polyclonal,,,"",IEDLLFNKVTLADAGFIKQYGDCLGDIAARDLICAQKF,38,38,FIKQYGDCLGD,833,843,11,TRUE,FALSE,TRUE,277,FALSE,227,FALSE,12,FALSE,0,TRUE,57,FALSE,42,FALSE,308,FALSE,293,FALSE,132,FALSE,117,FALSE,FALSE,TRUE,FALSE,TRUE,FALSE
56,Zamecnik 2020,SARS-CoV-2,S,799,836,Human,IgG,Infection,Polyclonal,,,"",GFNFSQILPDPSKPSKRSFIEDLLFNKVTLADAGFIKQ,38,38,PSKP,809,812,4,TRUE,FALSE,FALSE,258,FALSE,208,FALSE,0,TRUE,0,TRUE,76,FALSE,61,FALSE,327,FALSE,312,FALSE,113,FALSE,98,FALSE,TRUE,TRUE,FALSE,TRUE,FALSE
57,Zamecnik 2020,SARS-CoV-2,S,552,589,Human,IgG,Infection,Polyclonal,,,"",LTESNKKFLPFQQFGRDIADTTDAVRDPQTLEILDITP,38,38,QTLE,580,583,4,TRUE,FALSE,FALSE,11,FALSE,0,TRUE,199,FALSE,184,FALSE,323,FALSE,308,FALSE,574,FALSE,559,FALSE,96,FALSE,81,FALSE,FALSE,TRUE,FALSE,TRUE,FALSE
